type,level,sample,pheno,covs,LRT,Pval,"('V(O)', 'SE')","('V(O)', 'Variance')","('V(O)/Vp', 'SE')","('V(O)/Vp', 'Variance')","('V(e)', 'SE')","('V(e)', 'Variance')","('Vp', 'SE')","('Vp', 'Variance')",df,logL0,n
func,EClevel3_common_clrcheck,acute_negative,mia_indication,no_covs,0,0.5,0.01832,0,0.12421,1.00E-06,0.020628,0.147489,0.023034,0.147489,1,22.215,83
func,EClevel3_common_clrcheck,acute_negative,mia_indication,sex_age_dietPC,0,0.5,0.01515,0,0.152654,2.00E-06,0.012576,0.099247,0.015941,0.099247,1,12.033,83
func,EClevel3_common_clrcheck,acute_negative,mia_indication,sex_dietPC,0,0.5,0.013035,0,0.161456,3.00E-06,0.009275,0.080735,0.012878,0.080736,1,16.019,83
func,EClevel3_common_clrcheck,acute_negative,mia_indication,sex_dietPC_bristol,0,0.5,0.014431,0,0.095482,1.00E-06,0.024294,0.151136,0.025389,0.151137,1,13.563,77
func,EClevel3_common_clrcheck,early_age_group,mats_indication,no_covs,0,0.5,0.019482,0,0.081678,1.00E-06,0.042499,0.238518,0.042498,0.238518,1,9.871,64
func,EClevel3_common_clrcheck,early_age_group,mats_indication,sex,0,0.5,0.023578,0,0.101869,1.00E-06,0.040943,0.231451,0.04169,0.231451,1,7.881,64
func,EClevel3_common_clrcheck,early_age_group,mats_indication,sex_age_dietPC,0,0.5,0.027453,0,0.158048,1.00E-06,0.027844,0.173703,0.03242,0.173703,1,-2.181,64
func,EClevel3_common_clrcheck,early_age_group,mats_indication,sex_dietPC,0,0.5,0.028035,0,0.168111,2.00E-06,0.026488,0.166764,0.030929,0.166764,1,0.3,64
func,EClevel3_common_clrcheck,early_age_group,mats_indication,sex_dietPC_bristol,0,0.5,0.031147,0,0.153411,1.00E-06,0.036393,0.203031,0.038725,0.203032,1,-5.068,62
func,EClevel3_common_clrcheck,early_age_group,mia_indication,no_covs,0.271,0.3014921,0.014416,0.005044,0.064072,0.022564,0.040616,0.218518,0.039933,0.223562,1,13.554,64
func,EClevel3_common_clrcheck,early_age_group,mia_indication,sex,0.688,0.2033841,0.018369,0.009088,0.080331,0.040356,0.040989,0.216104,0.040768,0.225192,1,11.657,64
func,EClevel3_common_clrcheck,early_age_group,mia_indication,sex_age_dietPC,0.183,0.3343868,0.014454,0.004357,0.06599,0.019997,0.041377,0.213538,0.040546,0.217895,1,2.73,64
func,EClevel3_common_clrcheck,early_age_group,mia_indication,sex_dietPC,0.189,0.33197,0.014173,0.004325,0.065805,0.020187,0.040325,0.209907,0.039531,0.214231,1,5.633,64
func,EClevel3_common_clrcheck,early_age_group,mia_indication,sex_dietPC_bristol,0.177,0.3368944,0.012991,0.003824,0.062451,0.018467,0.039922,0.203258,0.039191,0.207082,1,3.777,62
func,EClevel3_common_clrcheck,late_age_group,mats_indication,no_covs,0.021,0.4427932,0.021256,0.002478,0.083711,0.009768,0.059032,0.251234,0.056047,0.253712,1,5.743,42
func,EClevel3_common_clrcheck,late_age_group,mats_indication,sex,0.002,0.4830326,0.021135,0.000774,0.08227,0.003013,0.060949,0.256109,0.057442,0.256883,1,4.266,42
func,EClevel3_common_clrcheck,late_age_group,mats_indication,sex_age_dietPC,0,0.5,0.026512,0,0.102227,1.00E-06,0.064659,0.259349,0.061106,0.259349,1,-5.53,42
func,EClevel3_common_clrcheck,late_age_group,mats_indication,sex_dietPC,0,0.5,0.025133,0,0.097943,1.00E-06,0.063572,0.256604,0.059642,0.256604,1,-2.621,42
func,EClevel3_common_clrcheck,late_age_group,mats_indication,sex_dietPC_bristol,0,0.5,0.027014,0,0.108348,1.00E-06,0.065698,0.249327,0.061342,0.249327,1,-6.785,40
func,EClevel3_common_clrcheck,late_age_group,mia_indication,no_covs,0.161,0.3443381,0.026818,0.007996,0.110401,0.033145,0.056411,0.23326,0.053419,0.241257,1,6.753,42
func,EClevel3_common_clrcheck,late_age_group,mia_indication,sex,0.041,0.4197418,0.024207,0.00401,0.099364,0.016491,0.057968,0.239146,0.054402,0.243156,1,5.357,42
func,EClevel3_common_clrcheck,late_age_group,mia_indication,sex_age_dietPC,0.08,0.3887637,0.026926,0.005994,0.112833,0.025209,0.059833,0.23176,0.056093,0.237753,1,-3.861,42
func,EClevel3_common_clrcheck,late_age_group,mia_indication,sex_dietPC,0.012,0.4567271,0.022073,0.002015,0.091449,0.008349,0.059709,0.23927,0.056099,0.241284,1,-1.433,42
func,EClevel3_common_clrcheck,late_age_group,mia_indication,sex_dietPC_bristol,0.004,0.4736465,0.023525,0.001349,0.093359,0.005353,0.065364,0.250636,0.061117,0.251985,1,-4.296,40
func,EClevel3_common_clrcheck,middle_age_group,mats_indication,no_covs,0,0.5,0.03427,0,0.148226,1.00E-06,0.044892,0.231202,0.039946,0.231203,1,10.802,68
func,EClevel3_common_clrcheck,middle_age_group,mats_indication,sex,0,0.5,0.031078,0,0.162299,1.00E-06,0.035094,0.191484,0.033313,0.191484,1,12.007,68
func,EClevel3_common_clrcheck,middle_age_group,mats_indication,sex_age_dietPC,0,0.5,0.027114,0,0.139306,1.00E-06,0.036145,0.194636,0.034901,0.194636,1,2.855,68
func,EClevel3_common_clrcheck,middle_age_group,mats_indication,sex_dietPC,0,0.5,0.031155,0,0.156052,1.00E-06,0.038035,0.199643,0.035543,0.199643,1,4.421,68
func,EClevel3_common_clrcheck,middle_age_group,mats_indication,sex_dietPC_bristol,0,0.5,0.035349,0,0.164327,1.00E-06,0.045163,0.215113,0.040871,0.215113,1,-1.809,63
func,EClevel3_common_clrcheck,middle_age_group,mia_indication,no_covs,0,0.5,0.026551,0,0.115256,1.00E-06,0.04327,0.230364,0.039801,0.230364,1,12.243,68
func,EClevel3_common_clrcheck,middle_age_group,mia_indication,sex,0,0.5,0.027389,0,0.11726,1.00E-06,0.044289,0.233573,0.040651,0.233573,1,10.151,68
func,EClevel3_common_clrcheck,middle_age_group,mia_indication,sex_age_dietPC,0,0.5,0.032354,0,0.139856,1.00E-06,0.046261,0.231339,0.041503,0.23134,1,-0.37,68
func,EClevel3_common_clrcheck,middle_age_group,mia_indication,sex_dietPC,0,0.5,0.032462,0,0.139898,1.00E-06,0.0465,0.232039,0.041325,0.232039,1,2.349,68
func,EClevel3_common_clrcheck,middle_age_group,mia_indication,sex_dietPC_bristol,0,0.5,0.030447,0,0.134246,1.00E-06,0.045065,0.226797,0.042689,0.226797,1,-0.253,63
func,EClevel4_common_clrcheck,acute_negative,mia_indication,no_covs,0,0.5,0.039031,0,0.211885,1.00E-06,0.040887,0.184209,0.028769,0.18421,1,22.215,83
func,EClevel4_common_clrcheck,acute_negative,mia_indication,sex_age_dietPC,0,0.5,0.033926,0,0.190432,1.00E-06,0.040675,0.178154,0.02872,0.178154,1,12.033,83
func,EClevel4_common_clrcheck,acute_negative,mia_indication,sex_dietPC,0,0.5,0.03252,0,0.181867,1.00E-06,0.040338,0.178809,0.028627,0.178809,1,16.019,83
func,EClevel4_common_clrcheck,acute_negative,mia_indication,sex_dietPC_bristol,0,0.5,0.031549,0,0.189428,1.00E-06,0.037846,0.166549,0.027957,0.166549,1,13.563,77
func,EClevel4_common_clrcheck,early_age_group,mats_indication,no_covs,0,0.5,0.02721,0,0.10858,1.00E-06,0.0507,0.250597,0.04465,0.250597,1,9.871,64
func,EClevel4_common_clrcheck,early_age_group,mats_indication,sex,0,0.5,0.032601,0,0.129056,1.00E-06,0.052919,0.252611,0.045401,0.252611,1,7.881,64
func,EClevel4_common_clrcheck,early_age_group,mats_indication,sex_age_dietPC,0,0.5,0.044005,0,0.17853,1.00E-06,0.056031,0.246487,0.045864,0.246487,1,-2.181,64
func,EClevel4_common_clrcheck,early_age_group,mats_indication,sex_dietPC,0,0.5,0.043432,0,0.179797,1.00E-06,0.053848,0.241559,0.044553,0.241559,1,0.3,64
func,EClevel4_common_clrcheck,early_age_group,mats_indication,sex_dietPC_bristol,0,0.5,0.046143,0,0.180123,1.00E-06,0.061866,0.256174,0.048881,0.256174,1,-5.068,62
func,EClevel4_common_clrcheck,early_age_group,mia_indication,no_covs,0.008,0.4634335,0.01878,0.001433,0.08384,0.0064,0.043704,0.222511,0.039903,0.223944,1,13.554,64
func,EClevel4_common_clrcheck,early_age_group,mia_indication,sex,0.169,0.3404452,0.024806,0.007309,0.109364,0.032362,0.045256,0.218531,0.040624,0.22584,1,11.657,64
func,EClevel4_common_clrcheck,early_age_group,mia_indication,sex_age_dietPC,0.004,0.4754676,0.020896,0.001095,0.09578,0.005022,0.045078,0.217022,0.040509,0.218117,1,2.73,64
func,EClevel4_common_clrcheck,early_age_group,mia_indication,sex_dietPC,0.003,0.4782137,0.02014,0.000937,0.093911,0.004369,0.043918,0.213487,0.039482,0.214424,1,5.633,64
func,EClevel4_common_clrcheck,early_age_group,mia_indication,sex_dietPC_bristol,0.115,0.3672113,0.027248,0.007081,0.130937,0.034163,0.045373,0.200199,0.039232,0.20728,1,3.777,62
func,EClevel4_common_clrcheck,late_age_group,mats_indication,no_covs,0.886,0.1733422,0.098449,0.064006,0.367381,0.25147,0.092024,0.190522,0.058337,0.254528,1,5.743,42
func,EClevel4_common_clrcheck,late_age_group,mats_indication,sex,0.79,0.1870665,0.103961,0.06546,0.382258,0.253434,0.09655,0.192832,0.060077,0.258292,1,4.266,42
func,EClevel4_common_clrcheck,late_age_group,mats_indication,sex_age_dietPC,0.31,0.2888916,0.089751,0.037919,0.336291,0.145087,0.095405,0.223433,0.062368,0.261352,1,-5.53,42
func,EClevel4_common_clrcheck,late_age_group,mats_indication,sex_dietPC,0.283,0.2974949,0.083801,0.03404,0.320205,0.132348,0.091488,0.223163,0.060341,0.257203,1,-2.621,42
func,EClevel4_common_clrcheck,late_age_group,mats_indication,sex_dietPC_bristol,1.478,0.1120754,0.127559,0.113042,0.445322,0.445077,0.104823,0.140941,0.067553,0.253983,1,-6.785,40
func,EClevel4_common_clrcheck,late_age_group,mia_indication,no_covs,1.179,0.1387746,0.075107,0.05214,0.300254,0.217898,0.075625,0.187146,0.05396,0.239286,1,6.753,42
func,EClevel4_common_clrcheck,late_age_group,mia_indication,sex,0.898,0.1716296,0.073183,0.045403,0.292538,0.188011,0.076545,0.196088,0.054869,0.241491,1,5.357,42
func,EClevel4_common_clrcheck,late_age_group,mia_indication,sex_age_dietPC,1.316,0.1256466,0.094947,0.068478,0.376611,0.289538,0.087522,0.168031,0.057865,0.236509,1,-3.861,42
func,EClevel4_common_clrcheck,late_age_group,mia_indication,sex_dietPC,0.746,0.1938419,0.077484,0.043881,0.313501,0.183175,0.081392,0.195678,0.056471,0.23956,1,-1.433,42
func,EClevel4_common_clrcheck,late_age_group,mia_indication,sex_dietPC_bristol,0.444,0.2526304,0.080214,0.036984,0.313313,0.147528,0.088557,0.213705,0.061313,0.250689,1,-4.296,40
func,EClevel4_common_clrcheck,middle_age_group,mats_indication,no_covs,0,0.5,0.045131,0,0.194907,1.00E-06,0.051487,0.231551,0.040006,0.231551,1,10.802,68
func,EClevel4_common_clrcheck,middle_age_group,mats_indication,sex,0,0.5,0.041724,0,0.207839,1.00E-06,0.043897,0.200754,0.034927,0.200754,1,12.007,68
func,EClevel4_common_clrcheck,middle_age_group,mats_indication,sex_age_dietPC,0,0.5,0.038383,0,0.182944,1.00E-06,0.047348,0.209806,0.037674,0.209806,1,2.855,68
func,EClevel4_common_clrcheck,middle_age_group,mats_indication,sex_dietPC,0,0.5,0.041835,0,0.190953,1.00E-06,0.050969,0.219087,0.039037,0.219087,1,4.421,68
func,EClevel4_common_clrcheck,middle_age_group,mats_indication,sex_dietPC_bristol,0,0.5,0.048318,0,0.214225,1.00E-06,0.057146,0.225546,0.042826,0.225546,1,-1.809,63
func,EClevel4_common_clrcheck,middle_age_group,mia_indication,no_covs,0,0.5,0.037381,0,0.15663,1.00E-06,0.053811,0.238656,0.041234,0.238656,1,12.243,68
func,EClevel4_common_clrcheck,middle_age_group,mia_indication,sex,0,0.5,0.038395,0,0.158466,1.00E-06,0.055293,0.242295,0.042175,0.242295,1,10.151,68
func,EClevel4_common_clrcheck,middle_age_group,mia_indication,sex_age_dietPC,0.69,0.203019,0.069153,0.05751,0.254933,0.227756,0.0617,0.194998,0.04864,0.252509,1,-0.37,68
func,EClevel4_common_clrcheck,middle_age_group,mia_indication,sex_dietPC,0.611,0.2171885,0.065474,0.05155,0.245405,0.205681,0.060236,0.199082,0.047484,0.250633,1,2.349,68
func,EClevel4_common_clrcheck,middle_age_group,mia_indication,sex_dietPC_bristol,0.064,0.3999597,0.071716,0.037553,0.277178,0.150948,0.068063,0.211228,0.049267,0.248781,1,-0.253,63
func,MetaCycpathway_common_clrcheck,acute_negative,mia_indication,no_covs,0,0.5,0.023577,0,0.122245,1.00E-06,0.033902,0.192865,0.030121,0.192866,1,22.215,83
func,MetaCycpathway_common_clrcheck,acute_negative,mia_indication,sex_age_dietPC,0,0.5,0.021526,0,0.118902,1.00E-06,0.034372,0.181044,0.029185,0.181044,1,12.033,83
func,MetaCycpathway_common_clrcheck,acute_negative,mia_indication,sex_dietPC,0,0.5,0.021447,0,0.11963,1.00E-06,0.033637,0.179279,0.028702,0.179279,1,16.019,83
func,MetaCycpathway_common_clrcheck,acute_negative,mia_indication,sex_dietPC_bristol,0,0.5,0.033233,0,0.217503,1.00E-06,0.034397,0.152795,0.02561,0.152795,1,13.563,77
func,MetaCycpathway_common_clrcheck,early_age_group,mats_indication,no_covs,0,0.5,0.023194,0,0.092362,1.00E-06,0.049373,0.251124,0.044744,0.251124,1,9.871,64
func,MetaCycpathway_common_clrcheck,early_age_group,mats_indication,sex,0,0.5,0.028124,0,0.111006,1.00E-06,0.05121,0.253354,0.045532,0.253355,1,7.881,64
func,MetaCycpathway_common_clrcheck,early_age_group,mats_indication,sex_age_dietPC,0,0.5,0.041082,0,0.166863,1.00E-06,0.054225,0.246203,0.045801,0.246203,1,-2.181,64
func,MetaCycpathway_common_clrcheck,early_age_group,mats_indication,sex_dietPC,0,0.5,0.039461,0,0.162363,1.00E-06,0.052094,0.243041,0.044852,0.243042,1,0.3,64
func,MetaCycpathway_common_clrcheck,early_age_group,mats_indication,sex_dietPC_bristol,0,0.5,0.04161,0,0.161431,1.00E-06,0.060177,0.257758,0.049162,0.257759,1,-5.068,62
func,MetaCycpathway_common_clrcheck,early_age_group,mia_indication,no_covs,0.33,0.2827259,0.046202,0.030665,0.193937,0.134496,0.048585,0.197334,0.042459,0.227999,1,13.554,64
func,MetaCycpathway_common_clrcheck,early_age_group,mia_indication,sex,0.275,0.2999009,0.041548,0.021004,0.177777,0.092126,0.049192,0.206992,0.041962,0.227997,1,11.657,64
func,MetaCycpathway_common_clrcheck,early_age_group,mia_indication,sex_age_dietPC,0,0.5,0.031579,0,0.145306,1.00E-06,0.049564,0.217326,0.040375,0.217326,1,2.73,64
func,MetaCycpathway_common_clrcheck,early_age_group,mia_indication,sex_dietPC,0,0.5,0.03055,0,0.142925,1.00E-06,0.048242,0.213745,0.039375,0.213745,1,5.633,64
func,MetaCycpathway_common_clrcheck,early_age_group,mia_indication,sex_dietPC_bristol,0,0.5,0.029662,0,0.143104,1.00E-06,0.048523,0.207276,0.039174,0.207276,1,3.777,62
func,MetaCycpathway_common_clrcheck,late_age_group,mats_indication,no_covs,0.356,0.2752299,0.037342,0.015364,0.146444,0.06087,0.06215,0.237037,0.055868,0.252401,1,5.743,42
func,MetaCycpathway_common_clrcheck,late_age_group,mats_indication,sex,0.265,0.3034352,0.037768,0.013726,0.146373,0.053638,0.064042,0.242179,0.057326,0.255905,1,4.266,42
func,MetaCycpathway_common_clrcheck,late_age_group,mats_indication,sex_age_dietPC,0.004,0.4740689,0.036826,0.001959,0.140932,0.007499,0.070637,0.259249,0.061583,0.261208,1,-5.53,42
func,MetaCycpathway_common_clrcheck,late_age_group,mats_indication,sex_dietPC,0.009,0.4628414,0.034967,0.002646,0.13582,0.01028,0.068383,0.254705,0.059838,0.25735,1,-2.621,42
func,MetaCycpathway_common_clrcheck,late_age_group,mats_indication,sex_dietPC_bristol,0.248,0.3093471,0.04897,0.017593,0.193632,0.070426,0.071533,0.232214,0.061769,0.249807,1,-6.785,40
func,MetaCycpathway_common_clrcheck,late_age_group,mia_indication,no_covs,0.383,0.2680243,0.043196,0.018911,0.177003,0.078604,0.061856,0.221679,0.05339,0.24059,1,6.753,42
func,MetaCycpathway_common_clrcheck,late_age_group,mia_indication,sex,0.227,0.3168455,0.041417,0.014571,0.169099,0.060036,0.063108,0.228129,0.054426,0.242699,1,5.357,42
func,MetaCycpathway_common_clrcheck,late_age_group,mia_indication,sex_age_dietPC,1.775,0.09135162,0.072903,0.061469,0.281105,0.259496,0.066992,0.175408,0.058892,0.236877,1,-3.861,42
func,MetaCycpathway_common_clrcheck,late_age_group,mia_indication,sex_dietPC,0.641,0.2116235,0.058223,0.031909,0.235089,0.132807,0.068353,0.208357,0.056667,0.240266,1,-1.433,42
func,MetaCycpathway_common_clrcheck,late_age_group,mia_indication,sex_dietPC_bristol,0.4,0.2636209,0.064568,0.029436,0.25043,0.116939,0.076638,0.222283,0.061817,0.251719,1,-4.296,40
func,MetaCycpathway_common_clrcheck,middle_age_group,mats_indication,no_covs,0,0.5,0.03121,0,0.132639,1.00E-06,0.044803,0.235304,0.040654,0.235304,1,10.802,68
func,MetaCycpathway_common_clrcheck,middle_age_group,mats_indication,sex,0,0.5,0.032072,0,0.153007,1.00E-06,0.040814,0.20961,0.036479,0.209611,1,12.007,68
func,MetaCycpathway_common_clrcheck,middle_age_group,mats_indication,sex_age_dietPC,0,0.5,0.034642,0,0.166733,1.00E-06,0.044273,0.20777,0.037307,0.207771,1,2.855,68
func,MetaCycpathway_common_clrcheck,middle_age_group,mats_indication,sex_dietPC,0,0.5,0.029659,0,0.131584,1.00E-06,0.046908,0.225396,0.040155,0.225396,1,4.421,68
func,MetaCycpathway_common_clrcheck,middle_age_group,mats_indication,sex_dietPC_bristol,0,0.5,0.036211,0,0.155317,1.00E-06,0.054062,0.233141,0.044173,0.233142,1,-1.809,63
func,MetaCycpathway_common_clrcheck,middle_age_group,mia_indication,no_covs,0,0.5,0.026825,0,0.112458,1.00E-06,0.047594,0.238537,0.041213,0.238537,1,12.243,68
func,MetaCycpathway_common_clrcheck,middle_age_group,mia_indication,sex,0,0.5,0.027476,0,0.113437,1.00E-06,0.04884,0.242216,0.042163,0.242216,1,10.151,68
func,MetaCycpathway_common_clrcheck,middle_age_group,mia_indication,sex_age_dietPC,0.003,0.476577,0.029506,0.002714,0.120181,0.011062,0.051943,0.242654,0.044087,0.245368,1,-0.37,68
func,MetaCycpathway_common_clrcheck,middle_age_group,mia_indication,sex_dietPC,0.054,0.407803,0.032585,0.008573,0.132455,0.035026,0.051031,0.236191,0.043766,0.244764,1,2.349,68
func,MetaCycpathway_common_clrcheck,middle_age_group,mia_indication,sex_dietPC_bristol,0,0.5,0.042723,0,0.181786,1.00E-06,0.054549,0.235015,0.044309,0.235016,1,-0.253,63
func,Microba_common_clrcheck,acute_negative,mia_indication,no_covs,0,0.5,0.041495,0,0.221265,1.00E-06,0.043744,0.187536,0.029288,0.187536,1,22.215,83
func,Microba_common_clrcheck,acute_negative,mia_indication,sex_age_dietPC,0,0.5,0.042495,0,0.247506,1.00E-06,0.04402,0.171693,0.02785,0.171693,1,12.033,83
func,Microba_common_clrcheck,acute_negative,mia_indication,sex_dietPC,0,0.5,0.046374,0,0.292293,1.00E-06,0.044076,0.158654,0.02544,0.158654,1,16.019,83
func,Microba_common_clrcheck,acute_negative,mia_indication,sex_dietPC_bristol,0,0.5,0.040295,0,0.243279,1.00E-06,0.043887,0.165634,0.027814,0.165634,1,13.563,77
func,Microba_common_clrcheck,early_age_group,mats_indication,no_covs,0,0.5,0.048334,0,0.192841,1.00E-06,0.063609,0.250643,0.044658,0.250644,1,9.871,64
func,Microba_common_clrcheck,early_age_group,mats_indication,sex,0,0.5,0.04991,0,0.196672,1.00E-06,0.064982,0.25377,0.045571,0.25377,1,7.881,64
func,Microba_common_clrcheck,early_age_group,mats_indication,sex_age_dietPC,0,0.5,0.045164,0,0.175447,1.00E-06,0.063606,0.25742,0.047816,0.25742,1,-2.181,64
func,Microba_common_clrcheck,early_age_group,mats_indication,sex_dietPC,0,0.5,0.051345,0,0.205548,1.00E-06,0.063047,0.249796,0.045974,0.249796,1,0.3,64
func,Microba_common_clrcheck,early_age_group,mats_indication,sex_dietPC_bristol,0.08,0.388578,0.0578,0.014011,0.219482,0.053439,0.071914,0.248179,0.050126,0.26219,1,-5.068,62
func,Microba_common_clrcheck,early_age_group,mia_indication,no_covs,0.095,0.3790822,0.040378,0.010411,0.179717,0.046498,0.053967,0.213498,0.039948,0.223909,1,13.554,64
func,Microba_common_clrcheck,early_age_group,mia_indication,sex,0.069,0.3965085,0.039835,0.008918,0.175852,0.039466,0.054547,0.217052,0.040619,0.22597,1,11.657,64
func,Microba_common_clrcheck,early_age_group,mia_indication,sex_age_dietPC,0.17,0.3399225,0.043794,0.014284,0.19956,0.065506,0.055581,0.20378,0.040605,0.218064,1,2.73,64
func,Microba_common_clrcheck,early_age_group,mia_indication,sex_dietPC,0.13,0.3592844,0.039061,0.011264,0.181552,0.052572,0.052543,0.202985,0.039501,0.214249,1,5.633,64
func,Microba_common_clrcheck,early_age_group,mia_indication,sex_dietPC_bristol,0.092,0.3810638,0.034248,0.007996,0.164844,0.038587,0.049919,0.199223,0.039187,0.207219,1,3.777,62
func,Microba_common_clrcheck,late_age_group,mats_indication,no_covs,0,0.5,0.13156,0,0.521614,1.00E-06,0.138791,0.252217,0.055705,0.252217,1,5.743,42
func,Microba_common_clrcheck,late_age_group,mats_indication,sex,0,0.5,0.132407,0,0.516798,1.00E-06,0.141335,0.256207,0.057301,0.256207,1,4.266,42
func,Microba_common_clrcheck,late_age_group,mats_indication,sex_age_dietPC,0.229,0.3161687,0.175392,0.098583,0.620165,0.368429,0.157509,0.168993,0.066618,0.267575,1,-5.53,42
func,Microba_common_clrcheck,late_age_group,mats_indication,sex_dietPC,0,0.5,0.129868,0,0.504949,1.00E-06,0.140483,0.25719,0.059837,0.25719,1,-2.621,42
func,Microba_common_clrcheck,late_age_group,mats_indication,sex_dietPC_bristol,2.15,0.07128263,0.228483,0.269194,0.632842,0.984465,0.172329,0.004248,0.081722,0.273442,1,-6.785,40
func,Microba_common_clrcheck,late_age_group,mia_indication,no_covs,0.464,0.2478903,0.139005,0.08952,0.537381,0.365375,0.126131,0.155489,0.056494,0.24501,1,6.753,42
func,Microba_common_clrcheck,late_age_group,mia_indication,sex,0.31,0.2887362,0.125625,0.06371,0.496725,0.260089,0.119805,0.181245,0.056088,0.244955,1,5.357,42
func,Microba_common_clrcheck,late_age_group,mia_indication,sex_age_dietPC,0.119,0.365205,0.16991,0.082972,0.664583,0.340385,0.153603,0.160787,0.060812,0.243759,1,-3.861,42
func,Microba_common_clrcheck,late_age_group,mia_indication,sex_dietPC,0.022,0.4404663,0.113751,0.020049,0.468127,0.082901,0.119996,0.221798,0.056478,0.241847,1,-1.433,42
func,Microba_common_clrcheck,late_age_group,mia_indication,sex_dietPC_bristol,0,0.5,0.116554,0,0.464175,1.00E-06,0.126866,0.251099,0.061005,0.2511,1,-4.296,40
func,Microba_common_clrcheck,middle_age_group,mats_indication,no_covs,0,0.5,0.063112,0,0.262025,1.00E-06,0.06855,0.240861,0.041615,0.240862,1,10.802,68
func,Microba_common_clrcheck,middle_age_group,mats_indication,sex,0,0.5,0.069279,0,0.332916,1.00E-06,0.06752,0.208099,0.036243,0.208099,1,12.007,68
func,Microba_common_clrcheck,middle_age_group,mats_indication,sex_age_dietPC,0,0.5,0.059622,0,0.271373,1.00E-06,0.068228,0.219704,0.039527,0.219704,1,2.855,68
func,Microba_common_clrcheck,middle_age_group,mats_indication,sex_dietPC,0,0.5,0.067666,0,0.305693,1.00E-06,0.071359,0.221352,0.039555,0.221352,1,4.421,68
func,Microba_common_clrcheck,middle_age_group,mats_indication,sex_dietPC_bristol,0.014,0.4525214,0.066507,0.007637,0.282711,0.032519,0.07654,0.227197,0.044489,0.234833,1,-1.809,63
func,Microba_common_clrcheck,middle_age_group,mia_indication,no_covs,0.573,0.224463,0.058629,0.034187,0.241102,0.142942,0.064299,0.204981,0.041584,0.239168,1,12.243,68
func,Microba_common_clrcheck,middle_age_group,mia_indication,sex,0.702,0.201077,0.062618,0.040063,0.252679,0.165092,0.066788,0.20261,0.042602,0.242674,1,10.151,68
func,Microba_common_clrcheck,middle_age_group,mia_indication,sex_age_dietPC,2.579,0.05416046,0.073739,0.076658,0.28617,0.31657,0.069213,0.165495,0.044613,0.242153,1,-0.37,68
func,TCDB_common_clrcheck,acute_negative,mia_indication,no_covs,0,0.5,0.022476,0,0.185695,2.00E-06,0.017973,0.121038,0.018903,0.121038,1,22.215,83
func,TCDB_common_clrcheck,acute_negative,mia_indication,sex_age_dietPC,0,0.5,0.022188,0,0.162758,1.00E-06,0.021971,0.136324,0.021966,0.136324,1,12.033,83
func,TCDB_common_clrcheck,acute_negative,mia_indication,sex_dietPC,0,0.5,0.021903,0,0.185496,2.00E-06,0.018607,0.118078,0.018903,0.118078,1,16.019,83
func,TCDB_common_clrcheck,acute_negative,mia_indication,sex_dietPC_bristol,0,0.5,0.022556,0,0.162952,1.00E-06,0.024179,0.138418,0.023135,0.138419,1,13.563,77
func,TCDB_common_clrcheck,early_age_group,mats_indication,no_covs,0,0.5,0.014056,0,0.055987,1.00E-06,0.046189,0.25106,0.044733,0.251061,1,9.871,64
func,TCDB_common_clrcheck,early_age_group,mats_indication,sex,0,0.5,0.017043,0,0.06725,1.00E-06,0.047113,0.253419,0.045545,0.253419,1,7.881,64
func,TCDB_common_clrcheck,early_age_group,mats_indication,sex_age_dietPC,0,0.5,0.018937,0,0.073894,1.00E-06,0.049501,0.256279,0.047627,0.256279,1,-2.181,64
func,TCDB_common_clrcheck,early_age_group,mats_indication,sex_dietPC,0,0.5,0.021178,0,0.084394,1.00E-06,0.047698,0.250942,0.046257,0.250942,1,0.3,64
func,TCDB_common_clrcheck,early_age_group,mats_indication,sex_dietPC_bristol,0,0.5,0.019823,0,0.076134,1.00E-06,0.051885,0.26037,0.049678,0.260371,1,-5.068,62
func,TCDB_common_clrcheck,early_age_group,mia_indication,no_covs,0.309,0.289243,0.017076,0.006243,0.075829,0.02793,0.041121,0.217297,0.039956,0.223541,1,13.554,64
func,TCDB_common_clrcheck,early_age_group,mia_indication,sex,0.716,0.198705,0.019731,0.009758,0.086405,0.043365,0.041408,0.21527,0.040703,0.225028,1,11.657,64
func,TCDB_common_clrcheck,early_age_group,mia_indication,sex_age_dietPC,0.442,0.2530867,0.020119,0.008424,0.091304,0.038688,0.041823,0.20931,0.040695,0.217733,1,2.73,64
func,TCDB_common_clrcheck,early_age_group,mia_indication,sex_dietPC,0.406,0.2619135,0.018761,0.007616,0.086738,0.035585,0.040722,0.206407,0.039615,0.214023,1,5.633,64
func,TCDB_common_clrcheck,early_age_group,mia_indication,sex_dietPC_bristol,1.075,0.1498956,0.026056,0.014711,0.123002,0.071314,0.040618,0.191573,0.039697,0.206284,1,3.777,62
func,TCDB_common_clrcheck,late_age_group,mats_indication,no_covs,0.094,0.3795288,0.038328,0.009576,0.150178,0.037734,0.063793,0.244198,0.056206,0.253774,1,5.743,42
func,TCDB_common_clrcheck,late_age_group,mats_indication,sex,0.079,0.3894614,0.040065,0.009459,0.155084,0.036812,0.065837,0.247493,0.05762,0.256952,1,4.266,42
func,TCDB_common_clrcheck,late_age_group,mats_indication,sex_age_dietPC,0.028,0.4336872,0.035311,0.005158,0.135101,0.019763,0.069176,0.25585,0.061536,0.261008,1,-5.53,42
func,TCDB_common_clrcheck,late_age_group,mats_indication,sex_dietPC,0.043,0.4181459,0.037764,0.006818,0.14645,0.026508,0.068154,0.2504,0.059846,0.257218,1,-2.621,42
func,TCDB_common_clrcheck,late_age_group,mats_indication,sex_dietPC_bristol,0.308,0.2896007,0.064227,0.026813,0.249957,0.10703,0.075759,0.223702,0.062803,0.250514,1,-6.785,40
func,TCDB_common_clrcheck,late_age_group,mia_indication,no_covs,0.295,0.2936197,0.037277,0.014271,0.152694,0.059197,0.059197,0.226811,0.05354,0.241082,1,6.753,42
func,TCDB_common_clrcheck,late_age_group,mia_indication,sex,0.227,0.3168857,0.037147,0.012863,0.151332,0.052954,0.060484,0.230043,0.054565,0.242906,1,5.357,42
func,TCDB_common_clrcheck,late_age_group,mia_indication,sex_age_dietPC,0.613,0.2167858,0.061309,0.033548,0.246583,0.140639,0.067224,0.204991,0.057955,0.238539,1,-3.861,42
func,TCDB_common_clrcheck,late_age_group,mia_indication,sex_dietPC,0.269,0.3021057,0.041958,0.015747,0.172011,0.065411,0.063431,0.224994,0.056283,0.240741,1,-1.433,42
func,TCDB_common_clrcheck,late_age_group,mia_indication,sex_dietPC_bristol,0.081,0.388073,0.037313,0.00859,0.147761,0.034143,0.068475,0.24299,0.061064,0.25158,1,-4.296,40
func,TCDB_common_clrcheck,middle_age_group,mats_indication,no_covs,0,0.5,0.017166,0,0.069484,1.00E-06,0.044176,0.247046,0.042683,0.247047,1,10.802,68
func,TCDB_common_clrcheck,middle_age_group,mats_indication,sex,0,0.5,0.016369,0,0.072662,1.00E-06,0.040305,0.225277,0.039209,0.225277,1,12.007,68
func,TCDB_common_clrcheck,middle_age_group,mats_indication,sex_age_dietPC,0,0.5,0.015975,0,0.073261,1.00E-06,0.040549,0.218059,0.039156,0.218059,1,2.855,68
func,TCDB_common_clrcheck,middle_age_group,mats_indication,sex_dietPC,0,0.5,0.018039,0,0.080644,1.00E-06,0.041208,0.223691,0.039852,0.223691,1,4.421,68
func,TCDB_common_clrcheck,middle_age_group,mats_indication,sex_dietPC_bristol,0,0.5,0.028239,0,0.128599,1.00E-06,0.043784,0.219591,0.041571,0.219592,1,-1.809,63
func,TCDB_common_clrcheck,middle_age_group,mia_indication,no_covs,0,0.5,0.022156,0,0.095823,1.00E-06,0.041881,0.231216,0.039948,0.231216,1,12.243,68
func,TCDB_common_clrcheck,middle_age_group,mia_indication,sex,0,0.5,0.022547,0,0.096039,1.00E-06,0.042859,0.234765,0.040855,0.234765,1,10.151,68
func,TCDB_common_clrcheck,middle_age_group,mia_indication,sex_age_dietPC,0,0.5,0.030014,0,0.129292,1.00E-06,0.045436,0.232139,0.041662,0.23214,1,-0.37,68
func,TCDB_common_clrcheck,middle_age_group,mia_indication,sex_dietPC,0,0.5,0.031474,0,0.137666,1.00E-06,0.044721,0.228629,0.040723,0.22863,1,2.349,68
func,TCDB_common_clrcheck,middle_age_group,mia_indication,sex_dietPC_bristol,0,0.5,0.038791,0,0.17695,1.00E-06,0.046524,0.219218,0.041226,0.219218,1,-0.253,63
taxa,family_common_clrcheck,acute_negative,mia_indication,no_covs,1.668,0.09825499,0.024777,0.025694,0.11375,0.125597,0.031738,0.178884,0.033301,0.204578,1,22.215,83
taxa,family_common_clrcheck,acute_negative,mia_indication,sex_age_dietPC,0,0.5,0.014773,0,0.080719,1.00E-06,0.032674,0.183014,0.029503,0.183014,1,12.033,83
taxa,family_common_clrcheck,acute_negative,mia_indication,sex_dietPC,0.08,0.3887945,0.015085,0.003963,0.082535,0.021752,0.031549,0.178224,0.029218,0.182187,1,16.019,83
taxa,family_common_clrcheck,acute_negative,mia_indication,sex_dietPC_bristol,0.237,0.3133664,0.015759,0.006352,0.090408,0.036713,0.031058,0.16666,0.029123,0.173012,1,13.563,77
taxa,family_common_clrcheck,early_age_group,mats_indication,no_covs,0.457,0.2495705,0.033006,0.020088,0.127376,0.079511,0.048325,0.232552,0.045709,0.252639,1,9.871,64
taxa,family_common_clrcheck,early_age_group,mats_indication,sex,0.508,0.2380915,0.034041,0.021581,0.12921,0.084218,0.049201,0.234665,0.04679,0.256245,1,7.881,64
taxa,family_common_clrcheck,early_age_group,mats_indication,sex_age_dietPC,0.008,0.4647382,0.026748,0.002403,0.10346,0.009298,0.05396,0.255984,0.047996,0.258387,1,-2.181,64
taxa,family_common_clrcheck,early_age_group,mats_indication,sex_dietPC,0.161,0.3443249,0.028836,0.010407,0.111383,0.040507,0.05179,0.246518,0.047459,0.256926,1,0.3,64
taxa,family_common_clrcheck,early_age_group,mats_indication,sex_dietPC_bristol,0.097,0.3778925,0.032101,0.009289,0.121646,0.035415,0.055753,0.252998,0.050185,0.262287,1,-5.068,62
taxa,family_common_clrcheck,early_age_group,mia_indication,no_covs,2.057,0.07577196,0.032692,0.034491,0.13475,0.15364,0.039326,0.190001,0.041788,0.224492,1,13.554,64
taxa,family_common_clrcheck,early_age_group,mia_indication,sex,2.136,0.07193458,0.032727,0.034604,0.134054,0.153102,0.039854,0.191415,0.042323,0.226019,1,11.657,64
taxa,family_common_clrcheck,early_age_group,mia_indication,sex_age_dietPC,1.585,0.1040193,0.033414,0.031556,0.142883,0.144263,0.040878,0.187181,0.042183,0.218737,1,2.73,64
taxa,family_common_clrcheck,early_age_group,mia_indication,sex_dietPC,1.519,0.1089072,0.031813,0.029753,0.139083,0.138522,0.039898,0.185034,0.040934,0.214787,1,5.633,64
taxa,family_common_clrcheck,early_age_group,mia_indication,sex_dietPC_bristol,1.694,0.09655985,0.032289,0.031623,0.144707,0.152238,0.039216,0.176098,0.040764,0.207721,1,3.777,62
taxa,family_common_clrcheck,late_age_group,mats_indication,no_covs,0.002,0.48242,0.035408,0.00157,0.139503,0.006185,0.065697,0.252206,0.056053,0.253775,1,5.743,42
taxa,family_common_clrcheck,late_age_group,mats_indication,sex,0,0.4932955,0.036608,0.000629,0.142498,0.002448,0.067819,0.256265,0.057444,0.256893,1,4.266,42
taxa,family_common_clrcheck,late_age_group,mats_indication,sex_age_dietPC,0,0.5,0.043593,0,0.169913,1.00E-06,0.069548,0.256561,0.060509,0.256561,1,-5.53,42
taxa,family_common_clrcheck,late_age_group,mats_indication,sex_dietPC,0,0.5,0.041109,0,0.162007,1.00E-06,0.067877,0.253745,0.058972,0.253745,1,-2.621,42
taxa,family_common_clrcheck,late_age_group,mats_indication,sex_dietPC_bristol,0.599,0.2195408,0.050436,0.031134,0.194435,0.124743,0.066576,0.218449,0.062352,0.249583,1,-6.785,40
taxa,family_common_clrcheck,late_age_group,mia_indication,no_covs,3.367,0.03326656,0.058593,0.074593,0.198917,0.306821,0.048172,0.168522,0.059506,0.243115,1,6.753,42
taxa,family_common_clrcheck,late_age_group,mia_indication,sex,2.615,0.05292856,0.059979,0.070759,0.205548,0.287238,0.051108,0.175584,0.060548,0.246343,1,5.357,42
taxa,family_common_clrcheck,late_age_group,mia_indication,sex_age_dietPC,2.722,0.04947983,0.054499,0.061921,0.200192,0.263185,0.051874,0.173353,0.059139,0.235274,1,-3.861,42
taxa,family_common_clrcheck,late_age_group,mia_indication,sex_dietPC,2.183,0.06975083,0.057368,0.062005,0.207553,0.257025,0.053969,0.179236,0.059972,0.241241,1,-1.433,42
taxa,family_common_clrcheck,late_age_group,mia_indication,sex_dietPC_bristol,1.014,0.156974,0.058761,0.048641,0.215466,0.192798,0.064155,0.203648,0.063406,0.252289,1,-4.296,40
taxa,family_common_clrcheck,middle_age_group,mats_indication,no_covs,1.419,0.1168176,0.03455,0.030205,0.130219,0.120246,0.044142,0.22099,0.045029,0.251195,1,10.802,68
taxa,family_common_clrcheck,middle_age_group,mats_indication,sex,1.144,0.1424284,0.026756,0.020364,0.112734,0.088822,0.041003,0.208907,0.040624,0.229271,1,12.007,68
taxa,family_common_clrcheck,middle_age_group,mats_indication,sex_age_dietPC,1.445,0.1146873,0.031686,0.02717,0.134979,0.122439,0.040412,0.19474,0.041364,0.22191,1,2.855,68
taxa,family_common_clrcheck,middle_age_group,mats_indication,sex_dietPC,0.942,0.1658824,0.028323,0.020226,0.119501,0.088306,0.042205,0.208823,0.04162,0.229049,1,4.421,68
taxa,family_common_clrcheck,middle_age_group,mats_indication,sex_dietPC_bristol,1.168,0.1398911,0.037098,0.028763,0.149123,0.121942,0.046024,0.207114,0.046293,0.235878,1,-1.809,63
taxa,family_common_clrcheck,middle_age_group,mia_indication,no_covs,0.206,0.3249545,0.02302,0.009282,0.095229,0.038722,0.044304,0.230428,0.041565,0.23971,1,12.243,68
taxa,family_common_clrcheck,middle_age_group,mia_indication,sex,0.289,0.2954059,0.025283,0.012066,0.102575,0.049578,0.045192,0.231308,0.042623,0.243374,1,10.151,68
taxa,family_common_clrcheck,middle_age_group,mia_indication,sex_age_dietPC,2.433,0.05939754,0.037597,0.042057,0.138165,0.170137,0.042458,0.205138,0.047102,0.247195,1,-0.37,68
taxa,family_common_clrcheck,middle_age_group,mia_indication,sex_dietPC,1.9,0.08405114,0.035525,0.03656,0.133428,0.148468,0.042863,0.209689,0.046028,0.24625,1,2.349,68
taxa,family_common_clrcheck,middle_age_group,mia_indication,sex_dietPC_bristol,3.088,0.03943244,0.040899,0.04944,0.14765,0.201827,0.04255,0.195522,0.049354,0.244961,1,-0.253,63
taxa,genus_common_clrcheck,acute_negative,mia_indication,no_covs,0,0.5,0.02502,0,0.124458,1.00E-06,0.038293,0.201029,0.031395,0.201029,1,22.215,83
taxa,genus_common_clrcheck,acute_negative,mia_indication,sex_age_dietPC,0,0.5,0.03088,0,0.174478,1.00E-06,0.037548,0.176983,0.028665,0.176983,1,12.033,83
taxa,genus_common_clrcheck,acute_negative,mia_indication,sex_dietPC,0,0.5,0.025923,0,0.145747,1.00E-06,0.035377,0.177865,0.028502,0.177865,1,16.019,83
taxa,genus_common_clrcheck,acute_negative,mia_indication,sex_dietPC_bristol,0,0.5,0.019417,0,0.112187,1.00E-06,0.034622,0.173077,0.029052,0.173077,1,13.563,77
taxa,genus_common_clrcheck,early_age_group,mats_indication,no_covs,0,0.5,0.035162,0,0.139745,1.00E-06,0.056367,0.251616,0.044831,0.251616,1,9.871,64
taxa,genus_common_clrcheck,early_age_group,mats_indication,sex,0,0.5,0.035895,0,0.140633,1.00E-06,0.057742,0.255238,0.045841,0.255239,1,7.881,64
taxa,genus_common_clrcheck,early_age_group,mats_indication,sex_age_dietPC,0,0.5,0.040211,0,0.155969,1.00E-06,0.060881,0.257814,0.047892,0.257814,1,-2.181,64
taxa,genus_common_clrcheck,early_age_group,mats_indication,sex_dietPC,0,0.5,0.042298,0,0.165656,1.00E-06,0.060638,0.255334,0.047022,0.255334,1,0.3,64
taxa,genus_common_clrcheck,early_age_group,mats_indication,sex_dietPC_bristol,0.229,0.3160224,0.049723,0.021929,0.186282,0.083431,0.062619,0.240917,0.050609,0.262846,1,-5.068,62
taxa,genus_common_clrcheck,early_age_group,mia_indication,no_covs,1.23,0.1336844,0.050814,0.050995,0.205677,0.223675,0.047951,0.176992,0.042925,0.227987,1,13.554,64
taxa,genus_common_clrcheck,early_age_group,mia_indication,sex,1.057,0.1520024,0.050882,0.047838,0.206576,0.208411,0.049357,0.181698,0.043264,0.229535,1,11.657,64
taxa,genus_common_clrcheck,early_age_group,mia_indication,sex_age_dietPC,0.475,0.2453793,0.047116,0.030654,0.206725,0.139348,0.051382,0.189326,0.041894,0.219979,1,2.73,64
taxa,genus_common_clrcheck,early_age_group,mia_indication,sex_dietPC,0.401,0.2632692,0.042615,0.025225,0.192522,0.117044,0.049483,0.190295,0.040368,0.215521,1,5.633,64
taxa,genus_common_clrcheck,early_age_group,mia_indication,sex_dietPC_bristol,0.009,0.4632642,0.031519,0.003008,0.151831,0.014499,0.049052,0.204427,0.039223,0.207434,1,3.777,62
taxa,genus_common_clrcheck,late_age_group,mats_indication,no_covs,0,0.5,0.054327,0,0.218211,1.00E-06,0.071782,0.248967,0.054988,0.248967,1,5.743,42
taxa,genus_common_clrcheck,late_age_group,mats_indication,sex,0,0.5,0.056264,0,0.223161,1.00E-06,0.07402,0.252122,0.056377,0.252122,1,4.266,42
taxa,genus_common_clrcheck,late_age_group,mats_indication,sex_age_dietPC,0,0.5,0.0642,0,0.252276,1.00E-06,0.079808,0.254482,0.060165,0.254483,1,-5.53,42
taxa,genus_common_clrcheck,late_age_group,mats_indication,sex_dietPC,0,0.5,0.063169,0,0.256256,1.00E-06,0.075913,0.246506,0.05736,0.246506,1,-2.621,42
taxa,genus_common_clrcheck,late_age_group,mats_indication,sex_dietPC_bristol,0.062,0.4016775,0.056226,0.012125,0.22289,0.048357,0.077652,0.238616,0.061961,0.250741,1,-6.785,40
taxa,genus_common_clrcheck,late_age_group,mia_indication,no_covs,0,0.5,0.039387,0,0.163042,1.00E-06,0.066255,0.241578,0.053356,0.241579,1,6.753,42
taxa,genus_common_clrcheck,late_age_group,mia_indication,sex,0,0.5,0.039271,0,0.16146,1.00E-06,0.066735,0.243226,0.054387,0.243226,1,5.357,42
taxa,genus_common_clrcheck,late_age_group,mia_indication,sex_age_dietPC,0,0.5,0.052398,0,0.220314,1.00E-06,0.074889,0.237832,0.056098,0.237832,1,-3.861,42
taxa,genus_common_clrcheck,late_age_group,mia_indication,sex_dietPC,0,0.5,0.047459,0,0.198071,1.00E-06,0.069917,0.239607,0.055723,0.239607,1,-1.433,42
taxa,genus_common_clrcheck,late_age_group,mia_indication,sex_dietPC_bristol,0,0.5,0.062349,0,0.259094,1.00E-06,0.075342,0.240644,0.058515,0.240644,1,-4.296,40
taxa,genus_common_clrcheck,middle_age_group,mats_indication,no_covs,0,0.5,0.035919,0,0.143588,1.00E-06,0.055741,0.250152,0.04322,0.250152,1,10.802,68
taxa,genus_common_clrcheck,middle_age_group,mats_indication,sex,0,0.5,0.032208,0,0.140125,1.00E-06,0.050975,0.22985,0.040011,0.229851,1,12.007,68
taxa,genus_common_clrcheck,middle_age_group,mats_indication,sex_age_dietPC,0.037,0.4233872,0.040027,0.012314,0.179074,0.055526,0.051649,0.209447,0.040091,0.221761,1,2.855,68
taxa,genus_common_clrcheck,middle_age_group,mats_indication,sex_dietPC,0.027,0.4347961,0.035408,0.007244,0.154087,0.031619,0.051323,0.22185,0.040905,0.229094,1,4.421,68
taxa,genus_common_clrcheck,middle_age_group,mats_indication,sex_dietPC_bristol,0.399,0.2637573,0.052509,0.037457,0.210134,0.157137,0.054928,0.200917,0.046708,0.238374,1,-1.809,63
taxa,genus_common_clrcheck,middle_age_group,mia_indication,no_covs,1.479,0.1119532,0.039297,0.036227,0.155996,0.151236,0.045775,0.203311,0.04245,0.239538,1,12.243,68
taxa,genus_common_clrcheck,middle_age_group,mia_indication,sex,1.527,0.1082547,0.040105,0.037429,0.156868,0.15413,0.046664,0.205413,0.043348,0.242842,1,10.151,68
taxa,genus_common_clrcheck,middle_age_group,mia_indication,sex_age_dietPC,3.959,0.02330746,0.043188,0.056779,0.161279,0.235656,0.043842,0.18416,0.04524,0.240939,1,-0.37,68
taxa,genus_common_clrcheck,middle_age_group,mia_indication,sex_dietPC,3.333,0.03394393,0.042108,0.052453,0.15893,0.217304,0.044206,0.188927,0.044761,0.24138,1,2.349,68
taxa,genus_common_clrcheck,middle_age_group,mia_indication,sex_dietPC_bristol,4.219,0.01998266,0.039847,0.049347,0.155063,0.210214,0.04432,0.1854,0.045382,0.234747,1,-0.253,63
taxa,species_common_clrcheck,acute_negative,mia_indication,no_covs,0,0.5,0.027022,0,0.133347,1.00E-06,0.041116,0.202644,0.031648,0.202644,1,22.215,83
taxa,species_common_clrcheck,acute_negative,mia_indication,sex_age_dietPC,0,0.5,0.027291,0,0.149408,1.00E-06,0.038897,0.182663,0.029466,0.182663,1,12.033,83
taxa,species_common_clrcheck,acute_negative,mia_indication,sex_dietPC,0,0.5,0.029733,0,0.166385,1.00E-06,0.038239,0.178699,0.028634,0.178699,1,16.019,83
taxa,species_common_clrcheck,acute_negative,mia_indication,sex_dietPC_bristol,0,0.5,0.031226,0,0.184189,1.00E-06,0.039009,0.169534,0.028475,0.169535,1,13.563,77
taxa,species_common_clrcheck,early_age_group,mats_indication,no_covs,0.005,0.4715387,0.039752,0.002755,0.157877,0.010945,0.0592,0.24898,0.044856,0.251735,1,9.871,64
taxa,species_common_clrcheck,early_age_group,mats_indication,sex,0.001,0.487147,0.039802,0.001244,0.15589,0.004873,0.060462,0.25407,0.045856,0.255315,1,7.881,64
taxa,species_common_clrcheck,early_age_group,mats_indication,sex_age_dietPC,0,0.5,0.047634,0,0.186131,1.00E-06,0.063778,0.255915,0.047545,0.255915,1,-2.181,64
taxa,species_common_clrcheck,early_age_group,mats_indication,sex_dietPC,0,0.5,0.047212,0,0.188172,1.00E-06,0.060727,0.250898,0.04621,0.250898,1,0.3,64
taxa,species_common_clrcheck,early_age_group,mats_indication,sex_dietPC_bristol,0.017,0.4476829,0.046421,0.005546,0.176928,0.02116,0.066179,0.256537,0.050011,0.262083,1,-5.068,62
taxa,species_common_clrcheck,early_age_group,mia_indication,no_covs,0,0.5,0.03744,0,0.167353,1.00E-06,0.053788,0.223719,0.039861,0.223719,1,13.554,64
taxa,species_common_clrcheck,early_age_group,mia_indication,sex,0,0.5,0.038501,0,0.170666,1.00E-06,0.054678,0.225594,0.040516,0.225594,1,11.657,64
taxa,species_common_clrcheck,early_age_group,mia_indication,sex_age_dietPC,0,0.5,0.038287,0,0.175681,1.00E-06,0.054803,0.217936,0.040476,0.217936,1,2.73,64
taxa,species_common_clrcheck,early_age_group,mia_indication,sex_dietPC,0,0.5,0.036827,0,0.17189,1.00E-06,0.053148,0.214246,0.039448,0.214246,1,5.633,64
taxa,species_common_clrcheck,early_age_group,mia_indication,sex_dietPC_bristol,0,0.5,0.036162,0,0.174832,1.00E-06,0.051732,0.206839,0.039101,0.206839,1,3.777,62
taxa,species_common_clrcheck,late_age_group,mats_indication,no_covs,0,0.5,0.070595,0,0.27987,1.00E-06,0.086463,0.252241,0.055711,0.252241,1,5.743,42
taxa,species_common_clrcheck,late_age_group,mats_indication,sex,0,0.5,0.071164,0,0.27828,1.00E-06,0.088032,0.255729,0.057202,0.255729,1,4.266,42
taxa,species_common_clrcheck,late_age_group,mats_indication,sex_age_dietPC,0,0.5,0.077765,0,0.297765,1.00E-06,0.096902,0.261164,0.061624,0.261164,1,-5.53,42
taxa,species_common_clrcheck,late_age_group,mats_indication,sex_dietPC,0,0.5,0.081031,0,0.315266,1.00E-06,0.098458,0.257025,0.05978,0.257025,1,-2.621,42
taxa,species_common_clrcheck,late_age_group,mats_indication,sex_dietPC_bristol,1.021,0.1560978,0.102482,0.090242,0.361364,0.353125,0.088198,0.165311,0.066582,0.255553,1,-6.785,40
taxa,species_common_clrcheck,late_age_group,mia_indication,no_covs,0.49,0.2419468,0.06298,0.036945,0.254935,0.153401,0.071553,0.203897,0.053632,0.240843,1,6.753,42
taxa,species_common_clrcheck,late_age_group,mia_indication,sex,0.347,0.2778661,0.062207,0.03047,0.251508,0.125481,0.073247,0.212354,0.054634,0.242824,1,5.357,42
taxa,species_common_clrcheck,late_age_group,mia_indication,sex_age_dietPC,0.127,0.3606447,0.074898,0.024969,0.309239,0.104501,0.084031,0.213965,0.056808,0.238934,1,-3.861,42
taxa,species_common_clrcheck,late_age_group,mia_indication,sex_dietPC,0.098,0.3770019,0.067468,0.0191,0.277327,0.079093,0.081421,0.222391,0.05632,0.241491,1,-1.433,42
taxa,species_common_clrcheck,late_age_group,mia_indication,sex_dietPC_bristol,0.094,0.3796309,0.078628,0.021541,0.308568,0.085297,0.091456,0.231004,0.061561,0.252546,1,-4.296,40
taxa,species_common_clrcheck,middle_age_group,mats_indication,no_covs,0,0.5,0.039471,0,0.160519,1.00E-06,0.054056,0.245896,0.042484,0.245896,1,10.802,68
taxa,species_common_clrcheck,middle_age_group,mats_indication,sex,0,0.5,0.036137,0,0.161728,1.00E-06,0.048446,0.22344,0.038896,0.22344,1,12.007,68
taxa,species_common_clrcheck,middle_age_group,mats_indication,sex_age_dietPC,0,0.5,0.039542,0,0.180873,1.00E-06,0.052374,0.218619,0.039319,0.218619,1,2.855,68
taxa,species_common_clrcheck,middle_age_group,mats_indication,sex_dietPC,0,0.5,0.03557,0,0.155679,1.00E-06,0.052723,0.228484,0.040725,0.228484,1,4.421,68
taxa,species_common_clrcheck,middle_age_group,mats_indication,sex_dietPC_bristol,0,0.5,0.046332,0,0.197592,1.00E-06,0.062585,0.234485,0.044355,0.234485,1,-1.809,63
taxa,species_common_clrcheck,middle_age_group,mia_indication,no_covs,2.973,0.04232857,0.048634,0.061766,0.186028,0.259314,0.046674,0.176425,0.042896,0.238191,1,12.243,68
taxa,species_common_clrcheck,middle_age_group,mia_indication,sex,3.906,0.02406313,0.055302,0.082785,0.195915,0.339314,0.046366,0.161194,0.045557,0.243979,1,10.151,68
taxa,species_common_clrcheck,middle_age_group,mia_indication,sex_age_dietPC,5.87,0.007702428,0.05455,0.090713,0.18934,0.376284,0.044217,0.150363,0.046534,0.241075,1,-0.37,68
taxa,species_common_clrcheck,middle_age_group,mia_indication,sex_dietPC,5.516,0.009422306,0.053712,0.087462,0.188593,0.363334,0.044296,0.153259,0.045963,0.240721,1,2.349,68
taxa,species_common_clrcheck,middle_age_group,mia_indication,sex_dietPC_bristol,6.655,0.004944459,0.051411,0.084431,0.186502,0.363057,0.043607,0.148124,0.046163,0.232555,1,-0.253,63
taxa,species_rm0_clrcheck,acute_negative,mia_indication,no_covs,0,0.5,0.043897,0,0.218978,1.00E-06,0.05113,0.200461,0.031307,0.200462,1,22.215,83
taxa,species_rm0_clrcheck,acute_negative,mia_indication,sex_age_dietPC,0,0.5,0.048491,0,0.265236,1.00E-06,0.055251,0.182821,0.029499,0.182821,1,12.033,83
taxa,species_rm0_clrcheck,acute_negative,mia_indication,sex_dietPC,0,0.5,0.047239,0,0.260591,1.00E-06,0.05369,0.181278,0.02903,0.181278,1,16.019,83
taxa,species_rm0_clrcheck,acute_negative,mia_indication,sex_dietPC_bristol,0,0.5,0.042001,0,0.244468,1.00E-06,0.048463,0.171805,0.028879,0.171805,1,13.563,77
taxa,species_rm0_clrcheck,early_age_group,mats_indication,no_covs,0,0.5,0.072049,0,0.30859,1.00E-06,0.07285,0.233477,0.0416,0.233478,1,9.871,64
taxa,species_rm0_clrcheck,early_age_group,mats_indication,sex,0,0.5,0.073488,0,0.312017,1.00E-06,0.073919,0.235526,0.04229,0.235527,1,7.881,64
taxa,species_rm0_clrcheck,early_age_group,mats_indication,sex_age_dietPC,0,0.5,0.06506,0,0.269544,1.00E-06,0.0687,0.24137,0.044886,0.241371,1,-2.181,64
taxa,species_rm0_clrcheck,early_age_group,mats_indication,sex_dietPC,0,0.5,0.071188,0,0.321931,1.00E-06,0.067614,0.221126,0.040681,0.221127,1,0.3,64
taxa,species_rm0_clrcheck,early_age_group,mats_indication,sex_dietPC_bristol,0,0.5,0.062778,0,0.250382,1.00E-06,0.070049,0.25073,0.047965,0.25073,1,-5.068,62
taxa,species_rm0_clrcheck,early_age_group,mia_indication,no_covs,0.343,0.2789354,0.058663,0.029179,0.257492,0.130124,0.063476,0.195062,0.040306,0.224241,1,13.554,64
taxa,species_rm0_clrcheck,early_age_group,mia_indication,sex,0.293,0.2941281,0.058871,0.027218,0.256631,0.120295,0.064486,0.199045,0.040944,0.226263,1,11.657,64
taxa,species_rm0_clrcheck,early_age_group,mia_indication,sex_age_dietPC,0.429,0.2562515,0.062837,0.033539,0.28181,0.153503,0.065957,0.184953,0.041047,0.218492,1,2.73,64
taxa,species_rm0_clrcheck,early_age_group,mia_indication,sex_dietPC,0.37,0.2714892,0.059134,0.029593,0.270992,0.137921,0.063456,0.184974,0.039864,0.214567,1,5.633,64
taxa,species_rm0_clrcheck,early_age_group,mia_indication,sex_dietPC_bristol,0.203,0.3262605,0.044959,0.015341,0.215431,0.074022,0.055442,0.19191,0.039276,0.207251,1,3.777,62
taxa,species_rm0_clrcheck,late_age_group,mats_indication,no_covs,0,0.5,0.111542,0,0.509736,1.00E-06,0.103808,0.218822,0.04833,0.218822,1,5.743,42
taxa,species_rm0_clrcheck,late_age_group,mats_indication,sex,0,0.5,0.120854,0,0.521984,1.00E-06,0.115283,0.231529,0.051869,0.231529,1,4.266,42
taxa,species_rm0_clrcheck,late_age_group,mats_indication,sex_age_dietPC,0,0.5,0.102025,0,0.394692,1.00E-06,0.112097,0.258493,0.061104,0.258493,1,-5.53,42
taxa,species_rm0_clrcheck,late_age_group,mats_indication,sex_dietPC,0,0.5,0.111809,0,0.452424,1.00E-06,0.114498,0.247132,0.05759,0.247132,1,-2.621,42
taxa,species_rm0_clrcheck,late_age_group,mats_indication,sex_dietPC_bristol,0.669,0.2067799,0.133708,0.082055,0.49994,0.324297,0.122152,0.17097,0.064702,0.253025,1,-6.785,40
taxa,species_rm0_clrcheck,late_age_group,mia_indication,no_covs,1.242,0.1325848,0.116369,0.092844,0.448587,0.383763,0.104197,0.149086,0.05569,0.24193,1,6.753,42
taxa,species_rm0_clrcheck,late_age_group,mia_indication,sex,1.403,0.1181257,0.118228,0.095584,0.451572,0.393106,0.105109,0.147567,0.056814,0.243151,1,5.357,42
taxa,species_rm0_clrcheck,late_age_group,mia_indication,sex_age_dietPC,1.219,0.1347359,0.155858,0.147873,0.547064,0.59688,0.126674,0.09987,0.064521,0.247742,1,-3.861,42
taxa,species_rm0_clrcheck,late_age_group,mia_indication,sex_dietPC,1.319,0.1253691,0.142148,0.12276,0.523078,0.500857,0.120599,0.12234,0.061104,0.245099,1,-1.433,42
taxa,species_rm0_clrcheck,late_age_group,mia_indication,sex_dietPC_bristol,1.4,0.1183944,0.188276,0.195671,0.580814,0.731009,0.146675,0.072001,0.074509,0.267672,1,-4.296,40
taxa,species_rm0_clrcheck,middle_age_group,mats_indication,no_covs,0,0.5,0.066328,0,0.270585,1.00E-06,0.073429,0.245129,0.042352,0.245129,1,10.802,68
taxa,species_rm0_clrcheck,middle_age_group,mats_indication,sex,0,0.5,0.062594,0,0.299389,1.00E-06,0.062172,0.209071,0.03641,0.209071,1,12.007,68
taxa,species_rm0_clrcheck,middle_age_group,mats_indication,sex_age_dietPC,0,0.5,0.069452,0,0.320916,1.00E-06,0.074119,0.216419,0.038937,0.216419,1,2.855,68
taxa,species_rm0_clrcheck,middle_age_group,mats_indication,sex_dietPC,0,0.5,0.066307,0,0.297179,1.00E-06,0.071518,0.22312,0.039789,0.223121,1,4.421,68
taxa,species_rm0_clrcheck,middle_age_group,mats_indication,sex_dietPC_bristol,0,0.5,0.073852,0,0.317809,1.00E-06,0.081446,0.232377,0.044007,0.232377,1,-1.809,63
taxa,species_rm0_clrcheck,middle_age_group,mia_indication,no_covs,1.378,0.1201925,0.067083,0.061532,0.268611,0.25749,0.065863,0.177438,0.042045,0.23897,1,12.243,68
taxa,species_rm0_clrcheck,middle_age_group,mia_indication,sex,1.477,0.112096,0.068441,0.064306,0.269662,0.265404,0.066906,0.177988,0.042972,0.242294,1,10.151,68
taxa,species_rm0_clrcheck,middle_age_group,mia_indication,sex_age_dietPC,5.085,0.01206773,0.085478,0.137847,0.297873,0.567415,0.067839,0.105092,0.046703,0.242939,1,-0.37,68
taxa,species_rm0_clrcheck,middle_age_group,mia_indication,sex_dietPC,4.684,0.01521901,0.085399,0.137135,0.297334,0.562918,0.067847,0.10648,0.046503,0.243615,1,2.349,68
taxa,species_rm0_clrcheck,middle_age_group,mia_indication,sex_dietPC_bristol,6.478,0.00545953,0.084865,0.148084,0.294462,0.627057,0.065315,0.088073,0.047393,0.236157,1,-0.253,63
taxa,species_rm0_clrcheck_bacteria,acute_negative,mia_indication,no_covs,0,0.5,0.043746,0,0.218131,1.00E-06,0.051073,0.200549,0.031321,0.200549,1,22.215,83
taxa,species_rm0_clrcheck_bacteria,acute_negative,mia_indication,sex_age_dietPC,0,0.5,0.048356,0,0.264531,1.00E-06,0.055097,0.182799,0.029496,0.182799,1,12.033,83
taxa,species_rm0_clrcheck_bacteria,acute_negative,mia_indication,sex_dietPC,0,0.5,0.04732,0,0.261134,1.00E-06,0.053686,0.18121,0.02902,0.181211,1,16.019,83
taxa,species_rm0_clrcheck_bacteria,acute_negative,mia_indication,sex_dietPC_bristol,0,0.5,0.042111,0,0.245223,1.00E-06,0.048479,0.171724,0.028867,0.171725,1,13.563,77
taxa,species_rm0_clrcheck_bacteria,early_age_group,mats_indication,no_covs,0,0.5,0.072074,0,0.308635,1.00E-06,0.072888,0.233524,0.041608,0.233524,1,9.871,64
taxa,species_rm0_clrcheck_bacteria,early_age_group,mats_indication,sex,0,0.5,0.07351,0,0.312026,1.00E-06,0.07396,0.23559,0.042302,0.23559,1,7.881,64
taxa,species_rm0_clrcheck_bacteria,early_age_group,mats_indication,sex_age_dietPC,0,0.5,0.065109,0,0.269839,1.00E-06,0.068704,0.241287,0.044871,0.241287,1,-2.181,64
taxa,species_rm0_clrcheck_bacteria,early_age_group,mats_indication,sex_dietPC,0,0.5,0.071228,0,0.322281,1.00E-06,0.067618,0.221012,0.04066,0.221013,1,0.3,64
taxa,species_rm0_clrcheck_bacteria,early_age_group,mats_indication,sex_dietPC_bristol,0,0.5,0.062783,0,0.250351,1.00E-06,0.070081,0.250778,0.047973,0.250778,1,-5.068,62
taxa,species_rm0_clrcheck_bacteria,early_age_group,mia_indication,no_covs,0.348,0.2775219,0.058783,0.02943,0.257956,0.131239,0.063515,0.194816,0.040313,0.224246,1,13.554,64
taxa,species_rm0_clrcheck_bacteria,early_age_group,mia_indication,sex,0.297,0.2927561,0.058993,0.027456,0.257106,0.121341,0.064528,0.198812,0.04095,0.226268,1,11.657,64
taxa,species_rm0_clrcheck_bacteria,early_age_group,mia_indication,sex_age_dietPC,0.432,0.2555109,0.062868,0.033643,0.28192,0.153977,0.065958,0.184849,0.041049,0.218492,1,2.73,64
taxa,species_rm0_clrcheck_bacteria,early_age_group,mia_indication,sex_dietPC,0.373,0.2707559,0.059165,0.029687,0.271109,0.138357,0.063459,0.18488,0.039866,0.214566,1,5.633,64
taxa,species_rm0_clrcheck_bacteria,early_age_group,mia_indication,sex_dietPC_bristol,0.202,0.3266333,0.04488,0.015275,0.215068,0.073703,0.055407,0.191973,0.039274,0.207247,1,3.777,62
taxa,species_rm0_clrcheck_bacteria,late_age_group,mats_indication,no_covs,0,0.5,0.112372,0,0.509747,1.00E-06,0.105035,0.220445,0.048688,0.220446,1,5.743,42
taxa,species_rm0_clrcheck_bacteria,late_age_group,mats_indication,sex,0,0.5,0.121548,0,0.521552,1.00E-06,0.116468,0.233051,0.052207,0.233051,1,4.266,42
taxa,species_rm0_clrcheck_bacteria,late_age_group,mats_indication,sex_age_dietPC,0,0.5,0.101798,0,0.393221,1.00E-06,0.112351,0.258882,0.061186,0.258883,1,-5.53,42
taxa,species_rm0_clrcheck_bacteria,late_age_group,mats_indication,sex_dietPC,0,0.5,0.111952,0,0.451532,1.00E-06,0.115126,0.247937,0.057772,0.247938,1,-2.621,42
taxa,species_rm0_clrcheck_bacteria,late_age_group,mats_indication,sex_dietPC_bristol,0.7,0.2013962,0.13311,0.083249,0.497087,0.329094,0.121386,0.169716,0.064703,0.252965,1,-6.785,40
taxa,species_rm0_clrcheck_bacteria,late_age_group,mia_indication,no_covs,1.261,0.1306892,0.115509,0.092432,0.445682,0.38232,0.103548,0.149334,0.055612,0.241767,1,6.753,42
taxa,species_rm0_clrcheck_bacteria,late_age_group,mia_indication,sex,1.431,0.1158312,0.117669,0.095697,0.449506,0.393788,0.104601,0.14732,0.056769,0.243017,1,5.357,42
taxa,species_rm0_clrcheck_bacteria,late_age_group,mia_indication,sex_age_dietPC,1.25,0.1317297,0.156315,0.149701,0.546797,0.60389,0.126705,0.098193,0.064666,0.247895,1,-3.861,42
taxa,species_rm0_clrcheck_bacteria,late_age_group,mia_indication,sex_dietPC,1.338,0.1236977,0.14191,0.122745,0.522371,0.501024,0.120386,0.122243,0.06107,0.244988,1,-1.433,42
taxa,species_rm0_clrcheck_bacteria,late_age_group,mia_indication,sex_dietPC_bristol,1.388,0.1193492,0.187225,0.191029,0.583476,0.715946,0.146637,0.075791,0.074015,0.266821,1,-4.296,40
taxa,species_rm0_clrcheck_bacteria,middle_age_group,mats_indication,no_covs,0,0.5,0.06641,0,0.270636,1.00E-06,0.073655,0.245385,0.042396,0.245385,1,10.802,68
taxa,species_rm0_clrcheck_bacteria,middle_age_group,mats_indication,sex,0,0.5,0.062681,0,0.298965,1.00E-06,0.062434,0.209661,0.036512,0.209662,1,12.007,68
taxa,species_rm0_clrcheck_bacteria,middle_age_group,mats_indication,sex_age_dietPC,0,0.5,0.06938,0,0.320115,1.00E-06,0.074263,0.216735,0.038991,0.216735,1,2.855,68
taxa,species_rm0_clrcheck_bacteria,middle_age_group,mats_indication,sex_dietPC,0,0.5,0.066299,0,0.29674,1.00E-06,0.071692,0.223425,0.039842,0.223425,1,4.421,68
taxa,species_rm0_clrcheck_bacteria,middle_age_group,mats_indication,sex_dietPC_bristol,0,0.5,0.073671,0,0.316762,1.00E-06,0.081486,0.232575,0.04404,0.232575,1,-1.809,63
taxa,species_rm0_clrcheck_bacteria,middle_age_group,mia_indication,no_covs,1.415,0.1171099,0.067356,0.062547,0.269383,0.261742,0.065893,0.176418,0.042067,0.238965,1,12.243,68
taxa,species_rm0_clrcheck_bacteria,middle_age_group,mia_indication,sex,1.513,0.1093487,0.068702,0.065276,0.27039,0.26942,0.066936,0.177006,0.042991,0.242282,1,10.151,68
taxa,species_rm0_clrcheck_bacteria,middle_age_group,mia_indication,sex_age_dietPC,5.157,0.01157753,0.085512,0.138723,0.297506,0.571212,0.067716,0.104134,0.046713,0.242857,1,-0.37,68
taxa,species_rm0_clrcheck_bacteria,middle_age_group,mia_indication,sex_dietPC,4.764,0.01452724,0.08549,0.138289,0.296969,0.567771,0.067725,0.105276,0.046531,0.243565,1,2.349,68
taxa,species_rm0_clrcheck_bacteria,middle_age_group,mia_indication,sex_dietPC_bristol,6.571,0.005182708,0.084911,0.149089,0.294021,0.631662,0.065172,0.086938,0.047397,0.236027,1,-0.253,63
taxa,species_rm0_rare_clrcheck,acute_negative,mia_indication,no_covs,0,0.5,0.041572,0,0.205966,1.00E-06,0.050447,0.201838,0.031522,0.201838,1,22.215,83
taxa,species_rm0_rare_clrcheck,acute_negative,mia_indication,sex_age_dietPC,0.228,0.3166859,0.048777,0.029388,0.257778,0.159118,0.049459,0.155304,0.030343,0.184692,1,12.033,83
taxa,species_rm0_rare_clrcheck,acute_negative,mia_indication,sex_dietPC,0.215,0.3213529,0.047822,0.029532,0.254151,0.160806,0.048638,0.154118,0.02995,0.18365,1,16.019,83
taxa,species_rm0_rare_clrcheck,acute_negative,mia_indication,sex_dietPC_bristol,0.01,0.4606715,0.039601,0.005017,0.228156,0.028956,0.047021,0.16826,0.029151,0.173277,1,13.563,77
taxa,species_rm0_rare_clrcheck,early_age_group,mats_indication,no_covs,0,0.5,0.072376,0,0.337041,1.00E-06,0.067668,0.214738,0.038261,0.214739,1,9.871,64
taxa,species_rm0_rare_clrcheck,early_age_group,mats_indication,sex,0,0.5,0.074144,0,0.341947,1.00E-06,0.069072,0.21683,0.038947,0.21683,1,7.881,64
taxa,species_rm0_rare_clrcheck,early_age_group,mats_indication,sex_age_dietPC,0,0.5,0.07188,0,0.3285,1.00E-06,0.067317,0.218813,0.040636,0.218813,1,-2.181,64
taxa,species_rm0_rare_clrcheck,early_age_group,mats_indication,sex_dietPC,0,0.5,0.074918,0,0.348044,1.00E-06,0.069345,0.215253,0.039576,0.215254,1,0.3,64
taxa,species_rm0_rare_clrcheck,early_age_group,mats_indication,sex_dietPC_bristol,0,0.5,0.070992,0,0.353009,1.00E-06,0.061785,0.201105,0.038668,0.201106,1,-5.068,62
taxa,species_rm0_rare_clrcheck,early_age_group,mia_indication,no_covs,0.918,0.1690627,0.058844,0.04433,0.255381,0.19844,0.060971,0.179064,0.040307,0.223394,1,13.554,64
taxa,species_rm0_rare_clrcheck,early_age_group,mia_indication,sex,0.901,0.1712599,0.059849,0.04444,0.257498,0.197124,0.062091,0.181,0.040995,0.22544,1,11.657,64
taxa,species_rm0_rare_clrcheck,early_age_group,mia_indication,sex_age_dietPC,0.775,0.1893074,0.060568,0.041699,0.271035,0.191752,0.063243,0.175762,0.04081,0.21746,1,2.73,64
taxa,species_rm0_rare_clrcheck,early_age_group,mia_indication,sex_dietPC,0.758,0.1919476,0.058865,0.040201,0.268243,0.188076,0.06168,0.173549,0.039756,0.21375,1,5.633,64
taxa,species_rm0_rare_clrcheck,early_age_group,mia_indication,sex_dietPC_bristol,0.343,0.2790682,0.049167,0.021767,0.234834,0.105116,0.057433,0.185312,0.039288,0.207079,1,3.777,62
taxa,species_rm0_rare_clrcheck,late_age_group,mats_indication,no_covs,0,0.5,0.104589,0,0.478071,1.00E-06,0.097571,0.218774,0.048319,0.218774,1,5.743,42
taxa,species_rm0_rare_clrcheck,late_age_group,mats_indication,sex,0,0.5,0.116112,0,0.500439,1.00E-06,0.111226,0.23202,0.051965,0.23202,1,4.266,42
taxa,species_rm0_rare_clrcheck,late_age_group,mats_indication,sex_age_dietPC,0,0.5,0.09855,0,0.381222,1.00E-06,0.109534,0.258509,0.061059,0.258509,1,-5.53,42
taxa,species_rm0_rare_clrcheck,late_age_group,mats_indication,sex_dietPC,0,0.5,0.104834,0,0.42375,1.00E-06,0.108743,0.247396,0.057625,0.247396,1,-2.621,42
taxa,species_rm0_rare_clrcheck,late_age_group,mats_indication,sex_dietPC_bristol,0.495,0.2407702,0.115261,0.060968,0.439956,0.242029,0.110508,0.190935,0.063634,0.251903,1,-6.785,40
taxa,species_rm0_rare_clrcheck,late_age_group,mia_indication,no_covs,1.165,0.140232,0.094039,0.069741,0.371788,0.290461,0.089053,0.170363,0.054383,0.240104,1,6.753,42
taxa,species_rm0_rare_clrcheck,late_age_group,mia_indication,sex,1.469,0.112763,0.09745,0.078836,0.378735,0.326755,0.089845,0.162433,0.055653,0.241269,1,5.357,42
taxa,species_rm0_rare_clrcheck,late_age_group,mia_indication,sex_age_dietPC,1.179,0.1388042,0.121446,0.102882,0.457845,0.426167,0.104362,0.13853,0.060274,0.241412,1,-3.861,42
taxa,species_rm0_rare_clrcheck,late_age_group,mia_indication,sex_dietPC,1.486,0.1114236,0.113119,0.098205,0.42917,0.406669,0.098977,0.143281,0.058835,0.241486,1,-1.433,42
taxa,species_rm0_rare_clrcheck,late_age_group,mia_indication,sex_dietPC_bristol,1.4,0.1183694,0.139707,0.130139,0.479155,0.505499,0.115115,0.127308,0.067333,0.257447,1,-4.296,40
taxa,species_rm0_rare_clrcheck,middle_age_group,mats_indication,no_covs,0,0.5,0.060705,0,0.244346,1.00E-06,0.071332,0.24844,0.042924,0.248441,1,10.802,68
taxa,species_rm0_rare_clrcheck,middle_age_group,mats_indication,sex,0,0.5,0.059921,0,0.276987,1.00E-06,0.062494,0.216331,0.037673,0.216332,1,12.007,68
taxa,species_rm0_rare_clrcheck,middle_age_group,mats_indication,sex_age_dietPC,0,0.5,0.063891,0,0.291668,1.00E-06,0.071538,0.219055,0.039368,0.219055,1,2.855,68
taxa,species_rm0_rare_clrcheck,middle_age_group,mats_indication,sex_dietPC,0,0.5,0.064037,0,0.285137,1.00E-06,0.07064,0.224583,0.040026,0.224583,1,4.421,68
taxa,species_rm0_rare_clrcheck,middle_age_group,mats_indication,sex_dietPC_bristol,0,0.5,0.06802,0,0.292058,1.00E-06,0.077354,0.232897,0.044064,0.232897,1,-1.809,63
taxa,species_rm0_rare_clrcheck,middle_age_group,mia_indication,no_covs,0.663,0.2078364,0.058546,0.03815,0.239826,0.159521,0.063402,0.201004,0.041636,0.239154,1,12.243,68
taxa,species_rm0_rare_clrcheck,middle_age_group,mia_indication,sex,0.692,0.2027356,0.059444,0.039013,0.23997,0.160822,0.064445,0.203574,0.042551,0.242587,1,10.151,68
taxa,species_rm0_rare_clrcheck,middle_age_group,mia_indication,sex_age_dietPC,3.668,0.02773279,0.083317,0.117322,0.298993,0.479852,0.068866,0.127174,0.046615,0.244497,1,-0.37,68
taxa,species_rm0_rare_clrcheck,middle_age_group,mia_indication,sex_dietPC,3.154,0.03787549,0.082826,0.113208,0.299266,0.462316,0.069181,0.131664,0.046218,0.244872,1,2.349,68
taxa,species_rm0_rare_clrcheck,middle_age_group,mia_indication,sex_dietPC_bristol,5.147,0.01164012,0.09038,0.149805,0.30572,0.619246,0.068806,0.09211,0.049256,0.241915,1,-0.253,63
taxa,species_rm0_rare_clrcheck_bacteria,acute_negative,mia_indication,no_covs,0,0.5,0.041395,0,0.205023,1.00E-06,0.05038,0.201906,0.031532,0.201906,1,22.215,83
taxa,species_rm0_rare_clrcheck_bacteria,acute_negative,mia_indication,sex_age_dietPC,0.211,0.3230745,0.048545,0.028359,0.25702,0.153617,0.049481,0.15625,0.0303,0.184609,1,12.033,83
taxa,species_rm0_rare_clrcheck_bacteria,acute_negative,mia_indication,sex_dietPC,0.194,0.3298466,0.047547,0.028317,0.253238,0.15427,0.048669,0.15524,0.029901,0.183557,1,16.019,83
taxa,species_rm0_rare_clrcheck_bacteria,acute_negative,mia_indication,sex_dietPC_bristol,0.006,0.4684507,0.038905,0.003993,0.224306,0.023047,0.04674,0.169244,0.02913,0.173236,1,13.563,77
taxa,species_rm0_rare_clrcheck_bacteria,early_age_group,mats_indication,no_covs,0,0.5,0.072434,0,0.337208,1.00E-06,0.067734,0.214805,0.038273,0.214805,1,9.871,64
taxa,species_rm0_rare_clrcheck_bacteria,early_age_group,mats_indication,sex,0,0.5,0.07421,0,0.342095,1.00E-06,0.069151,0.216927,0.038964,0.216927,1,7.881,64
taxa,species_rm0_rare_clrcheck_bacteria,early_age_group,mats_indication,sex_age_dietPC,0,0.5,0.071993,0,0.329653,1.00E-06,0.067305,0.218389,0.040558,0.218389,1,-2.181,64
taxa,species_rm0_rare_clrcheck_bacteria,early_age_group,mats_indication,sex_dietPC,0,0.5,0.074987,0,0.348739,1.00E-06,0.069351,0.215024,0.039533,0.215024,1,0.3,64
taxa,species_rm0_rare_clrcheck_bacteria,early_age_group,mats_indication,sex_dietPC_bristol,0,0.5,0.071061,0,0.353097,1.00E-06,0.061878,0.20125,0.03869,0.20125,1,-5.068,62
taxa,species_rm0_rare_clrcheck_bacteria,early_age_group,mia_indication,no_covs,0.928,0.1676729,0.058916,0.044599,0.255621,0.19965,0.06097,0.178786,0.040311,0.223385,1,13.554,64
taxa,species_rm0_rare_clrcheck_bacteria,early_age_group,mia_indication,sex,0.911,0.1699541,0.059912,0.044688,0.257706,0.198234,0.062091,0.180742,0.040998,0.22543,1,11.657,64
taxa,species_rm0_rare_clrcheck_bacteria,early_age_group,mia_indication,sex_age_dietPC,0.781,0.1884156,0.060607,0.041836,0.27118,0.192394,0.063247,0.175615,0.040811,0.217452,1,2.73,64
taxa,species_rm0_rare_clrcheck_bacteria,early_age_group,mia_indication,sex_dietPC,0.764,0.1910737,0.058905,0.040331,0.2684,0.18869,0.061687,0.17341,0.039757,0.213741,1,5.633,64
taxa,species_rm0_rare_clrcheck_bacteria,early_age_group,mia_indication,sex_dietPC_bristol,0.341,0.2795369,0.0491,0.021677,0.23455,0.104682,0.057414,0.185395,0.039284,0.207072,1,3.777,62
taxa,species_rm0_rare_clrcheck_bacteria,late_age_group,mats_indication,no_covs,0,0.5,0.105517,0,0.477966,1.00E-06,0.098995,0.220762,0.048758,0.220762,1,5.743,42
taxa,species_rm0_rare_clrcheck_bacteria,late_age_group,mats_indication,sex,0,0.5,0.116938,0,0.49995,1.00E-06,0.112672,0.233899,0.052384,0.233899,1,4.266,42
taxa,species_rm0_rare_clrcheck_bacteria,late_age_group,mats_indication,sex_age_dietPC,0,0.5,0.098262,0,0.379403,1.00E-06,0.109854,0.258991,0.061163,0.258991,1,-5.53,42
taxa,species_rm0_rare_clrcheck_bacteria,late_age_group,mats_indication,sex_dietPC,0,0.5,0.105006,0,0.422801,1.00E-06,0.109503,0.248359,0.057844,0.248359,1,-2.621,42
taxa,species_rm0_rare_clrcheck_bacteria,late_age_group,mats_indication,sex_dietPC_bristol,0.527,0.2338409,0.114898,0.062384,0.437948,0.247698,0.109857,0.189471,0.063654,0.251855,1,-6.785,40
taxa,species_rm0_rare_clrcheck_bacteria,late_age_group,mia_indication,no_covs,1.19,0.1377137,0.093588,0.069824,0.37008,0.290958,0.088652,0.170157,0.054348,0.239981,1,6.753,42
taxa,species_rm0_rare_clrcheck_bacteria,late_age_group,mia_indication,sex,1.503,0.1101306,0.097178,0.079176,0.377632,0.328349,0.089525,0.161959,0.055628,0.241135,1,5.357,42
taxa,species_rm0_rare_clrcheck_bacteria,late_age_group,mia_indication,sex_age_dietPC,1.208,0.1358959,0.121578,0.103795,0.457681,0.429972,0.104246,0.137604,0.060317,0.241399,1,-3.861,42
taxa,species_rm0_rare_clrcheck_bacteria,late_age_group,mia_indication,sex_dietPC,1.506,0.109863,0.112835,0.098039,0.428358,0.406217,0.098755,0.143307,0.05879,0.241345,1,-1.433,42
taxa,species_rm0_rare_clrcheck_bacteria,late_age_group,mia_indication,sex_dietPC_bristol,1.395,0.1187403,0.139282,0.128053,0.47987,0.498082,0.115203,0.129039,0.067144,0.257093,1,-4.296,40
taxa,species_rm0_rare_clrcheck_bacteria,middle_age_group,mats_indication,no_covs,0,0.5,0.060725,0,0.244241,1.00E-06,0.071529,0.248626,0.042956,0.248626,1,10.802,68
taxa,species_rm0_rare_clrcheck_bacteria,middle_age_group,mats_indication,sex,0,0.5,0.05995,0,0.276366,1.00E-06,0.062751,0.216922,0.037775,0.216922,1,12.007,68
taxa,species_rm0_rare_clrcheck_bacteria,middle_age_group,mats_indication,sex_age_dietPC,0,0.5,0.063721,0,0.290563,1.00E-06,0.071628,0.219301,0.039411,0.219301,1,2.855,68
taxa,species_rm0_rare_clrcheck_bacteria,middle_age_group,mats_indication,sex_dietPC,0,0.5,0.063989,0,0.284506,1.00E-06,0.070825,0.224914,0.040084,0.224914,1,4.421,68
taxa,species_rm0_rare_clrcheck_bacteria,middle_age_group,mats_indication,sex_dietPC_bristol,0,0.5,0.067796,0,0.290846,1.00E-06,0.077393,0.233101,0.0441,0.233101,1,-1.809,63
taxa,species_rm0_rare_clrcheck_bacteria,middle_age_group,mia_indication,no_covs,0.689,0.2031693,0.058854,0.039081,0.240896,0.163424,0.063458,0.200059,0.041649,0.23914,1,12.243,68
taxa,species_rm0_rare_clrcheck_bacteria,middle_age_group,mia_indication,sex,0.717,0.1985447,0.05973,0.039868,0.24096,0.164358,0.064499,0.202699,0.042561,0.242567,1,10.151,68
taxa,species_rm0_rare_clrcheck_bacteria,middle_age_group,mia_indication,sex_age_dietPC,3.734,0.02666157,0.083241,0.118079,0.298376,0.483162,0.068673,0.126309,0.046609,0.244389,1,-0.37,68
taxa,species_rm0_rare_clrcheck_bacteria,middle_age_group,mia_indication,sex_dietPC,3.227,0.03622025,0.08285,0.114361,0.298754,0.467138,0.068996,0.130451,0.046239,0.244811,1,2.349,68
taxa,species_rm0_rare_clrcheck_bacteria,middle_age_group,mia_indication,sex_dietPC_bristol,5.256,0.0109333,0.090502,0.151508,0.304884,0.626388,0.068592,0.090367,0.049312,0.241875,1,-0.253,63
func,EClevel3_common_clrcheck,mats_excluded,mia_indication,no_covs,1.55,0.1065348,0.034837,0.029859,0.139091,0.128793,0.034566,0.201976,0.03908,0.231835,1,19.684,90
func,EClevel3_common_clrcheck,mats_excluded,mia_indication,sex_age_dietPC,1.812,0.08911056,0.034702,0.031762,0.145242,0.145412,0.033081,0.186664,0.038249,0.218425,1,8.469,90
func,EClevel3_common_clrcheck,mia_excluded,mats_indication,no_covs,0,0.5,0.015653,0,0.063628,1.00E-06,0.034708,0.24601,0.033172,0.24601,1,18.756,111
func,EClevel3_common_clrcheck,mia_excluded,mats_indication,sex_age_dietPC,0,0.5,0.019356,0,0.077578,1.00E-06,0.036356,0.249504,0.034427,0.249504,1,3.526,111
func,EClevel4_common_clrcheck,mats_excluded,mia_indication,no_covs,0.144,0.3522939,0.024537,0.007793,0.108646,0.034664,0.039293,0.217009,0.03379,0.224801,1,19.684,90
func,EClevel4_common_clrcheck,mats_excluded,mia_indication,sex_age_dietPC,0.041,0.4196997,0.017397,0.002893,0.082366,0.013711,0.03605,0.208092,0.032571,0.210984,1,8.469,90
func,EClevel4_common_clrcheck,mia_excluded,mats_indication,no_covs,0,0.5,0.016744,0,0.066924,1.00E-06,0.037045,0.250195,0.033736,0.250196,1,18.756,111
func,EClevel4_common_clrcheck,mia_excluded,mats_indication,sex_age_dietPC,0,0.5,0.021102,0,0.082385,1.00E-06,0.039613,0.256137,0.035361,0.256137,1,3.526,111
func,MetaCycpathway_common_clrcheck,mats_excluded,mia_indication,no_covs,0.03,0.4316324,0.014884,0.002178,0.066191,0.009691,0.036234,0.222523,0.033692,0.224701,1,19.684,90
func,MetaCycpathway_common_clrcheck,mats_excluded,mia_indication,sex_age_dietPC,0.048,0.4134854,0.016806,0.003163,0.079512,0.014991,0.035603,0.207853,0.032588,0.211016,1,8.469,90
func,MetaCycpathway_common_clrcheck,mia_excluded,mats_indication,no_covs,0.007,0.4660913,0.019215,0.002534,0.076592,0.010107,0.037996,0.248148,0.033824,0.250681,1,18.756,111
func,MetaCycpathway_common_clrcheck,mia_excluded,mats_indication,sex_age_dietPC,0,0.5,0.01959,0,0.076042,1.00E-06,0.040026,0.257624,0.035561,0.257624,1,3.526,111
func,Microba_common_clrcheck,mats_excluded,mia_indication,no_covs,0,0.5,0.051767,0,0.332011,1.00E-06,0.043442,0.155921,0.023374,0.155921,1,19.684,90
func,Microba_common_clrcheck,mats_excluded,mia_indication,sex_age_dietPC,0,0.5,0.04391,0,0.231946,1.00E-06,0.043805,0.189312,0.029406,0.189312,1,8.469,90
func,Microba_common_clrcheck,mia_excluded,mats_indication,no_covs,0,0.5,0.045438,0,0.185496,1.00E-06,0.052006,0.244957,0.03303,0.244957,1,18.756,111
func,Microba_common_clrcheck,mia_excluded,mats_indication,sex_age_dietPC,0,0.5,0.039203,0,0.152571,1.00E-06,0.050807,0.256947,0.035509,0.256948,1,3.526,111
func,TCDB_common_clrcheck,mats_excluded,mia_indication,no_covs,0,0.5,0.011346,0,0.050733,1.00E-06,0.034639,0.223638,0.033525,0.223638,1,19.684,90
func,TCDB_common_clrcheck,mats_excluded,mia_indication,sex_age_dietPC,0,0.5,0.008909,0,0.04224,1.00E-06,0.033562,0.210904,0.032544,0.210904,1,8.469,90
func,TCDB_common_clrcheck,mia_excluded,mats_indication,no_covs,0,0.5,0.009066,0,0.036218,1.00E-06,0.03465,0.250323,0.033754,0.250324,1,18.756,111
func,TCDB_common_clrcheck,mia_excluded,mats_indication,sex_age_dietPC,0,0.5,0.009862,0,0.038308,1.00E-06,0.036486,0.257432,0.035531,0.257432,1,3.526,111
taxa,family_common_clrcheck,mats_excluded,mia_indication,no_covs,2.242,0.0671487,0.032711,0.042546,0.125197,0.1828,0.032685,0.190202,0.038428,0.232749,1,19.684,90
taxa,family_common_clrcheck,mats_excluded,mia_indication,sex_age_dietPC,0.076,0.3911281,0.023022,0.00945,0.107253,0.044553,0.036029,0.202663,0.033122,0.212114,1,8.469,90
taxa,family_common_clrcheck,mia_excluded,mats_indication,no_covs,0,0.5,0.013616,0,0.054337,1.00E-06,0.0363,0.250588,0.033789,0.250588,1,18.756,111
taxa,family_common_clrcheck,mia_excluded,mats_indication,sex_age_dietPC,0.152,0.348258,0.016853,0.005859,0.065011,0.022705,0.037605,0.252174,0.035706,0.258032,1,3.526,111
taxa,genus_common_clrcheck,mats_excluded,mia_indication,no_covs,0,0.5,0.02789,0,0.13006,1.00E-06,0.037784,0.214439,0.032145,0.214439,1,19.684,90
taxa,genus_common_clrcheck,mats_excluded,mia_indication,sex_age_dietPC,0,0.5,0.025672,0,0.130918,1.00E-06,0.033808,0.196091,0.030406,0.196091,1,8.469,90
taxa,genus_common_clrcheck,mia_excluded,mats_indication,no_covs,0.947,0.1652341,0.038056,0.041509,0.13855,0.161514,0.038359,0.21549,0.036873,0.256999,1,18.756,111
taxa,genus_common_clrcheck,mia_excluded,mats_indication,sex_age_dietPC,1.573,0.1048657,0.04399,0.054569,0.149487,0.204,0.039841,0.212926,0.040412,0.267495,1,3.526,111
taxa,species_common_clrcheck,mats_excluded,mia_indication,no_covs,0,0.5,0.037103,0,0.166859,1.00E-06,0.047271,0.222363,0.033334,0.222364,1,19.684,90
taxa,species_common_clrcheck,mats_excluded,mia_indication,sex_age_dietPC,0,0.5,0.032543,0,0.155472,1.00E-06,0.043439,0.20932,0.032346,0.20932,1,8.469,90
taxa,species_common_clrcheck,mia_excluded,mats_indication,no_covs,0.489,0.242269,0.031493,0.02197,0.122907,0.087364,0.040588,0.229508,0.034289,0.251478,1,18.756,111
taxa,species_common_clrcheck,mia_excluded,mats_indication,sex_age_dietPC,0.664,0.2075071,0.03482,0.026252,0.131113,0.101283,0.04279,0.23294,0.036339,0.259192,1,3.526,111
taxa,species_rm0_clrcheck,mats_excluded,mia_indication,no_covs,0,0.5,0.052688,0,0.248496,1.00E-06,0.054683,0.212026,0.031784,0.212026,1,19.684,90
taxa,species_rm0_clrcheck,mats_excluded,mia_indication,sex_age_dietPC,0,0.5,0.037154,0,0.178256,1.00E-06,0.04607,0.208429,0.032213,0.208429,1,8.469,90
taxa,species_rm0_clrcheck,mia_excluded,mats_indication,no_covs,0,0.5,0.048139,0,0.19796,1.00E-06,0.053373,0.243176,0.03279,0.243176,1,18.756,111
taxa,species_rm0_clrcheck,mia_excluded,mats_indication,sex_age_dietPC,0,0.5,0.043397,0,0.169692,1.00E-06,0.052828,0.255741,0.035375,0.255741,1,3.526,111
taxa,species_rm0_clrcheck_bacteria,mats_excluded,mia_indication,no_covs,0,0.5,0.052132,0,0.245927,1.00E-06,0.05421,0.211981,0.031777,0.211981,1,19.684,90
taxa,species_rm0_clrcheck_bacteria,mats_excluded,mia_indication,sex_age_dietPC,0,0.5,0.036881,0,0.176961,1.00E-06,0.045869,0.208416,0.03221,0.208416,1,8.469,90
taxa,species_rm0_clrcheck_bacteria,mia_excluded,mats_indication,no_covs,0,0.5,0.047961,0,0.197053,1.00E-06,0.053318,0.24339,0.032819,0.24339,1,18.756,111
taxa,species_rm0_clrcheck_bacteria,mia_excluded,mats_indication,sex_age_dietPC,0,0.5,0.043259,0,0.169085,1.00E-06,0.052802,0.255844,0.035387,0.255845,1,3.526,111
taxa,species_rm0_rare_clrcheck,mats_excluded,mia_indication,no_covs,0,0.5,0.048222,0,0.222337,1.00E-06,0.052886,0.216885,0.032513,0.216885,1,19.684,90
taxa,species_rm0_rare_clrcheck,mats_excluded,mia_indication,sex_age_dietPC,0,0.5,0.037073,0,0.17711,1.00E-06,0.046707,0.209324,0.032332,0.209324,1,8.469,90
taxa,species_rm0_rare_clrcheck,mia_excluded,mats_indication,no_covs,0,0.5,0.050703,0,0.21819,1.00E-06,0.051918,0.232379,0.031334,0.232379,1,18.756,111
taxa,species_rm0_rare_clrcheck,mia_excluded,mats_indication,sex_age_dietPC,0,0.5,0.051148,0,0.207615,1.00E-06,0.054513,0.246361,0.034171,0.246361,1,3.526,111
taxa,species_rm0_rare_clrcheck_bacteria,mats_excluded,mia_indication,no_covs,0,0.5,0.047464,0,0.218887,1.00E-06,0.052267,0.216843,0.032506,0.216844,1,19.684,90
taxa,species_rm0_rare_clrcheck_bacteria,mats_excluded,mia_indication,sex_age_dietPC,0,0.5,0.036667,0,0.175182,1.00E-06,0.046405,0.209308,0.03233,0.209308,1,8.469,90
taxa,species_rm0_rare_clrcheck_bacteria,mia_excluded,mats_indication,no_covs,0,0.5,0.050595,0,0.217296,1.00E-06,0.051956,0.232838,0.031396,0.232838,1,18.756,111
taxa,species_rm0_rare_clrcheck_bacteria,mia_excluded,mats_indication,sex_age_dietPC,0,0.5,0.051031,0,0.206805,1.00E-06,0.054566,0.246759,0.034221,0.246759,1,3.526,111
